"id","name","url","kind","health","functionalClass","resultTiles","importState","package","coverage","validation","limitation"
"1","腾讯漫画（正版）","https://m.ac.qq.com","manga","可用","BrowseWorks","15","active_verified","eu.kanade.tachiyomi.extension.zh.tencentcomics","exact","device_verified",
"2","再漫画","https://manhua.zaimanhua.com","manga","可用","BrowseWorks","20","active_verified","eu.kanade.tachiyomi.extension.zh.zaimanhua","exact","device_verified",
"3","漫漫漫画（正版）","https://m.manmanapp.com","manga","可用","BrowseWorks","10","implementation_required",,,"not_implemented",
"4","漫漫漫画（PC）","https://www.manmanapp.com","manga","可用","BrowseWorks","20","implementation_required",,,"not_implemented",
"7","搜漫","https://www.hisoman.com","manga","可用","BrowseWorks","10","active_verified","eu.kanade.tachiyomi.extension.zh.soman","readable_backend","device_verified","filters_out_paid_and_unreadable_external_routes"
"9","极速漫画","http://m.1kkk.com","manga","可用","BrowseWorks","20","implementation_required",,,"not_implemented",
"10","极速漫画（PC）","http://www.1kkk.com","manga","可用","BrowseWorks","20","implementation_required",,,"not_implemented",
"11","漫画人","http://www.manhuaren.com","manga","可用","BrowseWorks","20","implementation_required",,,"not_implemented",
"12","图库漫画","https://www.tuku.cc","manga","可用","BrowseWorks","20","implementation_required",,,"not_implemented",
"13","733动漫","https://73mh.app","manga","可用","BrowseWorks","20","implementation_required",,,"not_implemented",
"14","布卡漫画","https://www.bukamh.com","manga","可用","BrowseWorks","20","implementation_required",,,"not_implemented",
"15","古风漫画","https://www.gfmh.app","manga","可用","BrowseWorks","16","active_degraded","eu.kanade.tachiyomi.extension.zh.gufengmh","exact","device_degraded",
"16","追漫画","http://www.ycymh.com","manga","可用","BrowseWorks","20","active_verified","eu.kanade.tachiyomi.extension.zh.ycymh","scheme_successor","device_verified",
"17","KOLA漫画","https://www.kolamanga.com","manga","可用","BrowseWorks","20","implementation_required",,,"not_implemented",
"18","OH漫画","https://www.ohmanhua.com","manga","可用","BrowseWorks","20","implementation_required",,,"not_implemented",
"19","漫蛙","https://manwaqj.cc","manga","可用","BrowseWorks","15","active_verified","eu.kanade.tachiyomi.extension.zh.manwashizuku","family","device_verified",
"20","漫蛙防走失","https://manwaqg.cc","manga","可用","SearchWorks","25","active_verified","eu.kanade.tachiyomi.extension.zh.manwashizuku","family","device_verified",
"21","漫蛙AI","https://manwa.me","manga","可用","SearchWorks","25","active_verified","eu.kanade.tachiyomi.extension.zh.manwashizuku","family","device_verified",
"22","喵趣漫画","https://www.miaoqumh.org","manga","可用","BrowseWorks","20","active_verified","eu.kanade.tachiyomi.extension.zh.miaoqu","exact","device_verified",
"24","七夕漫画","https://www.qiximanhua.com","manga","可用","BrowseWorks","20","implementation_required",,,"not_implemented",
"26","读漫屋","http://m.dumanwu1.com","manga","可用","BrowseWorks","20","active_verified","eu.kanade.tachiyomi.extension.zh.dumanwu","same_site_successor","device_verified",
"27","漫画客","http://yumanhua.com","manga","可用","BrowseWorks","20","active_verified","eu.kanade.tachiyomi.extension.zh.yumanhua","exact","device_verified",
"30","野蛮漫画","https://yemancomic.com","manga","可用","BrowseWorks","20","implementation_required",,,"not_implemented",
"31","漫神漫画","https://m.mhkami.com","manga","可用","BrowseWorks","20","implementation_required",,,"not_implemented",
"32","YYDS漫画","https://www.yydsmh.com","manga","可用","BrowseWorks","20","implementation_required",,,"not_implemented",
"35","艾米免费漫画","http://www.aymry.com","manga","可用","BrowseWorks","20","implementation_required",,,"not_implemented",
"44","非麻瓜漫画","http://cqxzyedu.com","manga","可用","BrowseWorks","20","implementation_required",,,"not_implemented",
"45","250漫画","http://www.mh250.com","manga","可用","BrowseWorks","20","active_verified","eu.kanade.tachiyomi.extension.zh.mh250","exact","device_verified",
"52","包子漫画","https://cn.webmota.com","manga","可用","BrowseWorks","20","active_verified","eu.kanade.tachiyomi.extension.zh.baozimanhua","exact_mirror","device_verified","latest_chapters_may_be_app_only"
"54","漫圈子","https://www.9mqz.com","manga","可用","BrowseWorks","20","active_degraded","eu.kanade.tachiyomi.extension.zh.manquanzi","exact","device_degraded",
"56","漫蛙漫画","https://www.manwamh5.com","manga","可用","BrowseWorks","20","implementation_required",,,"not_implemented",
"58","开心漫画","https://www.kaixinman.com","manga","可用","BrowseWorks","20","active_verified","eu.kanade.tachiyomi.extension.zh.kaixinman","exact","device_verified",
"59","思思漫画","https://m.sisimanhua.com","manga","可用","BrowseWorks","20","active_verified","eu.kanade.tachiyomi.extension.zh.sisimanhua","exact","device_verified",
"68","漫画网","https://www.manhua3.com","manga","可用","BrowseWorks","20","implementation_required",,,"not_implemented",
"69","漫士多","https://manshiduo.org","manga","可用","BrowseWorks","10","active_verified","eu.kanade.tachiyomi.extension.zh.manshiduo","exact","device_verified",
"71","读漫屋网","https://m.dumanwu.org","manga","可用","BrowseWorks","10","active_verified","eu.kanade.tachiyomi.extension.zh.dumanwu","exact","device_verified",
"72","次元漫","https://ciyuanman.com","manga","可用","BrowseWorks","20","implementation_required",,,"not_implemented",
"73","BikaBika漫画","https://m.bikamanhua.com","manga","可用","BrowseWorks","20","active_verified","eu.kanade.tachiyomi.extension.zh.bikabika","exact","device_verified",
"74","卡拉漫画","https://www.kalamanhua.com","manga","可用","BrowseWorks","20","implementation_required",,,"not_implemented",
"84","漫画1234","https://m.wmh1234.com","manga","可用","BrowseWorks","20","active_verified","eu.kanade.tachiyomi.extension.zh.mh1234","exact","device_verified",
"85","漫画160","https://m.mh160mh.com","manga","可用","BrowseWorks","20","implementation_required",,,"not_implemented",
"95","我爱漫画","https://www.woimh.com","manga","可用","BrowseWorks","20","implementation_required",,,"not_implemented",
"102","国漫吧（PC）","http://www.guoman8.cc","manga","可用","BrowseWorks","20","implementation_required",,,"not_implemented",
"108","猕猴桃漫画","https://www.manwaye.cc","manga","可用","BrowseWorks","10","implementation_required",,,"not_implemented",
"109","51漫画","https://www.51comics.com","manga","可用","BrowseWorks","20","implementation_required",,,"not_implemented",
"120","可漫画","https://www.dmanhua.com","manga","可用","BrowseWorks","20","active_verified","eu.kanade.tachiyomi.extension.zh.dmanhua","exact","device_verified",
"121","大魔兔","http://www.damotu.com","manga","可用","BrowseWorks","20","implementation_required",,,"not_implemented",
"126","动漫星空","http://acg.gamersky.com","manga","可用","BrowseWorks","6","implementation_required",,,"not_implemented",
"128","笨狗漫画","http://m.bengou.co","manga","可用","BrowseWorks","20","implementation_required",,,"not_implemented",
"129","漫画大全","http://www.yueman1.cc","manga","可用","BrowseWorks","20","active_verified","eu.kanade.tachiyomi.extension.zh.manhuadaquan","exact","device_verified",
"135","CCC追漫台","https://creative-comic.tw","manga","可用","BrowseWorks","20","active_verified","eu.kanade.tachiyomi.extension.zh.creativecomic","official_alias","device_verified",
"136","漫画皮网","http://www.amanhuapi.net","manga","可用","BrowseWorks","20","implementation_required",,,"not_implemented",
"138","沐沐漫画","https://www.talkmanhua.com","manga","可用","BrowseWorks","4","implementation_required",,,"not_implemented",
"141","七七漫画屋","https://m.0373xx.com","manga","可用","BrowseWorks","18","implementation_required",,,"not_implemented",
"142","精品漫画","https://m.bjzf.org","manga","可用","BrowseWorks","18","implementation_required",,,"not_implemented",
"145","360漫画","https://www.360mh.cc","manga","可用","BrowseWorks","20","active_degraded","eu.kanade.tachiyomi.extension.zh.manhua360","exact","device_degraded","recent_chapters_may_be_app_promo_only"
"146","奇葩漫画","http://www.qipamh.com","manga","可用","BrowseWorks","12","implementation_required",,,"not_implemented",
"147","纸盒漫画","https://www.yi40.com","manga","可用","BrowseWorks","20","implementation_required",,,"not_implemented",
"166","MYCOMIC","https://mycomic.com","manga","可用","BrowseWorks","20","active_verified","eu.kanade.tachiyomi.extension.zh.mycomic","exact","device_verified",
"204","天天看漫画","https://www.ttkmh.com","manga","可用","BrowseWorks","20","active_verified","eu.kanade.tachiyomi.extension.zh.ttkmh","exact","device_verified",
"207","来漫画（PC）","https://www.laimanhua88.com","manga","可用","BrowseWorks","20","implementation_required",,,"not_implemented",
"208","来漫画网","https://m.laimanhua.org","manga","可用","BrowseWorks","20","implementation_required",,,"not_implemented",
"209","L漫画","https://lmanhua.com","manga","可用","BrowseWorks","20","implementation_required",,,"not_implemented",
"210","嬉皮漫画","https://m.hipmh.com","manga","可用","BrowseWorks","18","implementation_required",,,"not_implemented",
"212","泰拉记事社","https://terra-historicus.hypergryph.com","manga","可用","BrowseWorks","20","active_verified","eu.kanade.tachiyomi.extension.zh.terrahistoricus","official_alias","device_verified",
"213","百合会","https://www.yamibo.com","manga","可用","BrowseWorks","20","implementation_required",,,"not_implemented",
"214","龙王传说","https://www.longwangchuanshuo.com","manga","可用","BrowseWorks","20","implementation_required",,,"not_implemented",
"224","动漫啦","http://www.dongman.la","manga","可用","BrowseWorks","20","implementation_required",,,"not_implemented",
"229","漫画456","https://m.manhua456.com","manga","可用","BrowseWorks","20","active_verified","eu.kanade.tachiyomi.extension.zh.manhua456","exact","device_verified",
"234","漫画牛","https://www.manhua666.cc","manga","可用","BrowseWorks","6","implementation_required",,,"not_implemented",
"240","爱优漫（APP）","https://getconfig-globalapi.yyhao.com","manga","可用","BrowseWorks","20","implementation_required",,,"not_implemented",
"244","漫客栈","https://www.mkzhan.com","manga","可用","BrowseWorks","20","implementation_required",,,"not_implemented",
"245","知音漫客","https://m.zymk.cn","manga","可用","BrowseWorks","16","implementation_required",,,"not_implemented",
"264","飞飞漫画","http://www.ffmh123.com","manga","可用","BrowseWorks","20","implementation_required",,,"not_implemented",
"266","滴答漫画","http://ddmanhua.com","manga","可用","BrowseWorks","20","active_verified","eu.kanade.tachiyomi.extension.zh.didamanhua","exact","device_verified",
"267","咱追漫画","http://www.zanzhui.com","manga","可用","BrowseWorks","20","implementation_required",,,"not_implemented",
"284","奇妙漫画网","https://www.cxjob.com.cn","manga","可用","BrowseWorks","20","implementation_required",,,"not_implemented",
"289","奇漫屋网","https://m.qimanwu.app","manga","可用","BrowseWorks","10","implementation_required",,,"not_implemented",
"290","36漫画","https://m.36mh.org","manga","可用","BrowseWorks","10","active_verified","eu.kanade.tachiyomi.extension.zh.manhua36","exact","device_verified",
"292","啵乐漫画","https://boysyo.cc","manga","可用","BrowseWorks","20","implementation_required",,,"not_implemented",
"296","香香腐宅","https://boyloveheaven13.cc","manga","可用","BrowseWorks","20","active_verified","eu.kanade.tachiyomi.extension.zh.boylove","exact_current_mirror","device_verified",
"298","言耽社","https://yandanshe.net","manga","可用","BrowseWorks","20","implementation_required",,,"not_implemented",
"300","Vomic漫画","https://www.vomicmh.com","manga","可用","BrowseWorks","20","implementation_required",,,"not_implemented",
"307","向日葵连环画","https://m.lhh1.com","manga","可用","BrowseWorks","20","implementation_required",,,"not_implemented",
"308","非常爱漫","https://www.veryim.com","manga","可用","BrowseWorks","20","implementation_required",,,"not_implemented",
"316","新新漫画网","https://xxmh749.com","manga","可用","BrowseWorks","20","implementation_required",,,"not_implemented",
"318","肉漫画","https://www.roumanhua.net","manga","可用","BrowseWorks","20","implementation_required",,,"not_implemented",
"319","zero搬运网","https://www.zerobyw33.com","manga","可用","BrowseWorks","20","active_verified","eu.kanade.tachiyomi.extension.zh.zerobyw","scheme_successor","device_verified",
"320","ant搬运网","https://www.antbyw.com","manga","可用","BrowseWorks","20","implementation_required",,,"not_implemented",
"327","G漫画","http://www.gmanhua.com","manga","可用","BrowseWorks","20","implementation_required",,,"not_implemented",
"337","G站漫画","https://m.g-mh.org","manga","可用","BrowseWorks","18","active_verified","eu.kanade.tachiyomi.extension.zh.baozimhorg","family_mirror","device_verified",
"344","漫畫狗","https://dogemanga.com","manga","可用","BrowseWorks","20","implementation_required",,,"not_implemented",
"349","动漫戏说","https://comic.acgn.cc","manga","可用","BrowseWorks","20","implementation_required",,,"not_implemented",
"382","Rawkuma","https://rawkuma.net","manga","可用","BrowseWorks","20","active_verified","eu.kanade.tachiyomi.extension.ja.rawkuma","exact","device_verified",
"385","KissAway","https://klz9.com","manga","可用","BrowseWorks","20","implementation_required",,,"not_implemented",
"386","MangaDex","https://mangadex.org","manga","可用","BrowseWorks","6","active_verified","eu.kanade.tachiyomi.extension.all.mangadex","exact","device_verified",
"404","LoveHug","https://weloma.art","manga","可用","BrowseWorks","20","implementation_required",,,"not_implemented",
"410","哔哩相簿","https://h.bilibili.com","gallery","可用","BrowseWorks","1","unsupported_kind",,,"not_implemented",
"417","Cosplay啦","http://ciyuandao.com/photo","gallery","可用","BrowseWorks","20","unsupported_kind",,,"not_implemented",
"421","唯一图库","http://www.mmonly.cc","gallery","可用","BrowseWorks","20","unsupported_kind",,,"not_implemented",
"424","轻小说文库（轻小说）","https://www.wenku8.cc","novel","可用","BrowseWorks","20","unsupported_kind",,,"not_implemented",
"425","哔哩轻漫画","https://www.bilimanga.net","manga","可用","BrowseWorks","20","active_verified","eu.kanade.tachiyomi.extension.zh.bilimanga","exact","device_verified",
"426","哔哩轻小说（轻小说）","https://m.bilinovel.com","novel","可用","BrowseWorks","20","unsupported_kind",,,"not_implemented",
"427","神凑轻小说（轻小说）","https://m.shencou.com","novel","可用","BrowseWorks","20","unsupported_kind",,,"not_implemented",
"429","香香腐宅（轻小说）","https://boyloveheaven13.cc","novel","可用","BrowseWorks","20","unsupported_kind",,,"not_implemented",
"430","拷贝轻小说（轻小说）","https://www.copy4000.com/h5/discover","novel","可用","BrowseWorks","20","unsupported_kind",,,"not_implemented",
"435","OmoFun动漫（动画）","https://www.omofuns.com","anime","可用","BrowseWorks","20","unsupported_kind",,,"not_implemented",
"438","MiFun动画（动画）","https://ios.mifun.org","anime","可用","BrowseWorks","20","unsupported_kind",,,"not_implemented",
"440","小霸王（游戏）","https://www.yikm.net","game","可用","BrowseWorks","20","unsupported_kind",,,"not_implemented",
