"originIndex","name","url","classification","statusCode","finalUrl","elapsedMs","error"
"0","MangaDex","https://mangadex.org","Online","200","https://mangadex.org/","418",""
"1","Webtoons.com","https://www.webtoons.com","Online","200","https://m.webtoons.com/en/","4500",""
"2","Webtoons.com","https://www.webtoons.com","Online","200","https://m.webtoons.com/en/","3588",""
"3","Webtoons.com","https://www.webtoons.com","Online","200","https://m.webtoons.com/en/","1699",""
"4","Webtoons.com","https://www.webtoons.com","Online","200","https://m.webtoons.com/en/","2606",""
"5","Webtoons.com","https://www.webtoons.com","Online","200","https://m.webtoons.com/en/","5373",""
"6","Webtoons.com","https://www.webtoons.com","Online","200","https://m.webtoons.com/en/","6278",""
"7","Webtoons.com","https://www.webtoons.com","Online","200","https://m.webtoons.com/en/","7237",""
"8","Rawkuma","https://rawkuma.net","Online","200","https://rawkuma.net/","886",""
"9","腾讯动漫","https://m.ac.qq.com","Online","200","https://m.ac.qq.com/","927",""
"10","Sen Manga","https://raw.senmanga.com","Online","200","https://raw.senmanga.com/","743",""
"11","泰拉记事社","https://comic.hypergryph.com","Online","200","https://comic.hypergryph.com/","965",""
"12","Dongman Manhua","https://www.dongmanmanhua.cn","Online","200","https://www.dongmanmanhua.cn/","1286",""
"13","快看漫画","https://www.kuaikanmanhua.com","Online","302","https://www.kuaikanmanhua.com/","467",""
"14","再漫画","https://manhua.zaimanhua.com","Online","200","https://manhua.zaimanhua.com/","1976",""
"15","漫画1234","https://m.wmh1234.com","Online","200","https://m.wmh1234.com/","443",""
"16","漫蛙(雫)","https://manwari.cc","Online","200","https://manwari.cc/","378",""
"17","喵趣漫画","https://www.miaoqumh.org","Online","200","https://www.miaoqumh.org/","565",""
"18","包子漫画","https://cn.webmota.com","Online","200","https://cn.webmota.com/","563",""
"19","MyComic","https://mycomic.com","Restricted","403","https://mycomic.com/","425",""
"20","香香腐宅","https://boyloveheaven13.cc","RedirectedAway","200","https://boylove.cc/","1275",""
"21","天天看漫画","https://www.ttkmh.com","Online","200","https://www.ttkmh.com/","603",""
"22","开心漫画","https://www.kaixinman.com","Online","200","https://www.kaixinman.com/","944",""
"23","思思漫画","https://m.sisimanhua.com","Online","200","https://m.sisimanhua.com/","814",""
"24","漫画客","http://yumanhua.com","Online","200","http://yumanhua.com/","946",""
"25","如漫画","https://m.rumanhua2.com","NetworkError","0","","878","The remote certificate is invalid according to the validation procedure: RemoteCertificateNameMismatch"
"26","漫画大全","http://www.yueman1.cc","Online","200","http://www.yueman1.cc/","1184",""
"27","CCC追漫台","https://www.creative-comic.tw","Online","200","https://www.creative-comic.tw/","248",""
"28","嗶哩漫畫","https://www.bilimanga.net","Online","200","https://www.bilimanga.net/","384",""
"29","zero搬运网","http://www.zerobyw33.com","Online","200","http://www.zerobyw33.com/Android/Android/","1374",""
"30","GoDa漫画","https://baozimh.org","Online","200","https://baozimh.org/","629",""
"31","古风漫画","https://www.gfmh.app","Online","200","https://www.gfmh.app/","356",""
"32","读漫屋","https://m.dumanwu.org","Online","200","https://m.dumanwu.org/","602",""
"33","滴答漫画","http://ddmanhua.com","Online","200","http://ddmanhua.com/","952",""
"34","追漫画","https://www.ycymh.com","Online","200","https://www.ycymh.com/","928",""
"35","漫圈子","https://www.9mqz.com","Online","200","https://www.9mqz.com/","656",""
"36","漫士多","https://manshiduo.org","Online","200","https://manshiduo.org/","563",""
"37","250漫画","http://www.mh250.com","Online","200","http://www.mh250.com/","424",""
"38","BikaBika漫画","https://m.bikamanhua.com","Online","200","https://m.bikamanhua.com/","558",""
"39","可漫画","https://www.dmanhua.com","Online","200","https://www.dmanhua.com/","1435",""
"40","360漫画","https://www.360mh.cc","Online","200","https://www.360mh.cc/","612",""
"41","36漫画","https://m.36mh.org","Online","200","https://m.36mh.org/","586",""
"42","漫画456","https://m.manhua456.com","Online","200","https://m.manhua456.com/","426",""
"43","搜漫","http://www.veryim.com","Online","200","http://www.veryim.com/","168",""
